,try
0,Abbot
1, Abide
2, Absolute
3, Absolution
4, Accolade
5, Acolyte
6, Affect
7, Affirmation
8, Afterlife
9, Agnostic
10, Aid
11, Alleluia
12, Altar
13, Ancestor
14, Angel
15, Anglican
16, Animism
17, Anthem
18, Apostle
19, Apparition
20, Archangel
21, Archbishop
22, Asceticism
23, Astronomy
24, Atheist
25, Atone
26, Attendance
27, Awe
28,Balance
29, Ban
30, Banns
31, Baptism
32, Beads
33, Beatitudes
34, Belief
35, Believer
36, Bells
37, Benediction
38, Benefit
39, Benevolent
40, Bestow
41, Bible
42, Bishop
43, Bless
44, Blessing
45, Bliss
46, Bond
47, Born-again
48, Bow
49, Break away
50, Buddhism
51, Burden
52,Candles
53, Canon
54, Cantor
55, Cathedral
56, Celebrant
57, Celestial
58, Ceremony
59, Chancel
60, Chapel
61, Chaplain
62, Charity
63, Cherub
64, Choice
65, Choir
66, Chorale
67, Chorus
68, Christianity
69, Church
70, Church-going
71, Clergy
72, Cloister
73, Comfort
74, Commandment
75, Commitment
76, Communal
77, Commune
78, Communion
79, Community
80, Compassion
81, Compel
82, Complines
83, Comprehension
84, Conclave
85, Confession
86, Confidence
87, Confirmation
88, Conflict
89, Confrontation
90, Confucius
91, Congregation
92, Congregational
93, Connection
94, Conquest
95, Conscience
96, Consecrate
97, Conservative
98, Contemplate
99, Control
100, Controversial
101, Convent
102, Conversion
103, Convert
104, Conviction
105, Convocation
106, Core
107, Counsel
108, Courage
109, Coven
110, Covenant
111, Covet
112, Creative
113, Creator
114, Credence
115, Credibility
116, Credo
117, Creed
118, Cross
119, Crusade
120, Curative
121,Darkness
122, Decision
123, Dedication
124, Deism
125, Deity
126, Deliverance
127, Demagogue
128, Denomination
129, Destiny
130, Devil
131, Devotee
132, Devotion
133, Devout
134, Diaspora
135, Disciple
136, Discipline
137, Discussion
138, Divine
139, Divinity
140, Doctrine
141, Dogma
142, Doubt
143, Doxology
144, Duty
145,Ecclesiastical
146, Effect
147, Elder
148, Elevate
149, Embodiment
150, Embroiled
151, Emotion
152, Empathy
153, Endorse
154, Energy
155, Enlighten
156, Ephemeral
157, Epiphany
158, Epistle
159, Essence
160, Eternal
161, Ethereal
162, Ethics
163, Eucharist
164, Evangelical
165, Event
166, Everlasting
167, Evidence
168, Exalt
169, Exaltation
170, Exile
171, Exodus
172, Expiate
173,Faith
174, Faithful
175, Family
176, Fasting
177, Fate
178, Father
179, Favor
180, Filial
181, Forgiveness
182, Fundamental
183,Gaze
184, Gentile
185, Genuflect
186, Gift
187, Glory
188, God
189, Godliness
190, Good news
191, Goodness
192, Gospel
193, Gospel
194, Grace
195, Gratitude
196, Graven
197, Growth
198, Guidance
199, Guilt
200, Guru
201,Habit
202, Habitual
203, Hallow
204, Halo
205, Happiness
206, Harmony
207, Headlines
208, Healing
209, Heathen
210, Heaven
211, Hebrew
212, Heresy
213, Heretic
214, HInduism
215, Holistic
216, Holy
217, Honor
218, Hope
219, Host
220, Humane
221, Humble
222, Humility
223, Hymn
224, Hymnal
225,Idols
226, Idyllic
227, Illuminate
228, Immortal
229, Impermanence
230, Implication
231, In-fighting
232, Incantatory
233, Incarnate
234, Indulgence
235, Ineffable
236, Inexplicable
237, Infallible
238, Infidel
239, Inflammatory
240, Influence
241, Inherent
242, Innuendo
243, Insight
244, Inspiration
245, Instruction
246, Integral
247, Intercede
248, Interdenominational
249, Interfaith
250, Intuition
251, Investiture
252, Invocation
253, Issue
254,Jesuit
255, Jesus
256, Joy
257, Joyful
258, Judaism
259, Judgment
260, Justice
261,Karma
262, Keen
263, Keep watch
264, Keystone
265, Kingdom
266, Kneel
267,Laity
268, Latin
269, Laud
270, Lay person
271, Leaded glass
272, Life
273, Light
274, Litany
275, Love
276, Loving
277, Loyalty
278,Manifestation
279, Mantra
280, Marriage
281, Martyr
282, Meaning
283, Meditate
284, Mega-church
285, Mercy
286, Messiah
287, Mindful
288, Minister
289, Miracle
290, Mission
291, Missionary
292, Monarchy
293, Monastery
294, Monastic
295, Monotheism
296, Morality
297, Mortal
298, Mosque
299, Movement
300, Music
301, Mystery
302, Mystical
303,Nature
304, Neophyte
305, Nimbus
306, Nod
307, Nomadic
308, Nonbeliever
309, Novice
310, Nun
311, Nurture
312,Observance
313, Offertory
314, Official
315, Omnipotent
316, Omniscience
317, Oracle
318, Oration
319, Ordain
320,Order
321, Organ
322, Orthodox
323, Outlook
324,Pacific
325, Pagan
326, Papal
327, Parish
328, Participation
329, Pastor
330, Pastoral
331, Patriarch
332, Patron saint
333, Peace
334, Peal
335, Penance
336, Penchant
337, Perception
338, Permanence
339, Perpetual
340, Perseverance
341, Personal
342, Perspective
343, Petition
344, Piety
345, Pilgrim
346, Pilgrimage
347, Politics
348, Polytheism
349, Pontiff
350, Postlude
351, Power
352, Practice
353, Pray
354, Prayer
355, Preach
356, Prelude
357, Premonition
358, Prescient
359, Presence
360, Priest
361, Principle
362, Priory
363, Privacy
364, Private
365, Proclaim
366, Profound
367, Program
368, Promise
369, Proof
370, Prophet
371, Proselytize
372, Prosperity
373, Protection
374, Psalm
375, Psalter
376, Pulpit
377, Purity
378, Purpose
379,Query
380, Quest
381, Question
382, Quiet
383, Quintessence
384,Radiant
385, Radical
386, Rally
387, Realization
388, Reassurance
389, Rebirth
390, Reciprocal
391, Rector
392, Redemption
393, Refectory
394, Reflection
395, Refuge
396, Reincarnation
397, Relationship
398, Relative
399, Religion
400, Religious
401, Repent
402, Resentment
403, Restriction
404, Retreat
405, Retribution
406, Reveal
407, Revelation
408, Reverence
409, Reverent
410, Revile
411, Righteous
412, Rites
413, Ritual
414, Rivalry
415, Role
416, Rosary
417,Sacrament
418, Sacred
419, Sacrifice
420, Sacrilege
421, Sage
422, Saint
423, Saintly
424, Salvation
425, Same-sex
426, Sanctification
427, Sanctify
428, Sanctity
429, Sanctuary
430, Savior
431, Scandal
432, Schism
433, Scripture
434, Scriptures
435, Sect
436, Sectarian
437, Secular
438, Security
439, Seeker
440, Seminary
441, Sense
442, Sensitive
443, Serenity
444, Serious
445, Sermon
446, Serve
447, Service
448, Sexton
449, Sharia law
450, Shepherd
451, Shinto
452, Shrine
453, Silence
454, Sin
455, Sinful
456, Skeptical
457, Society
458, Solace
459, Solemn
460, Solitude
461, Sorrow
462, Soul
463, Source
464, Spirit
465, Spiritual
466, Split
467, Stance
468, Statue
469, Sublime
470, Succor
471, Suffering
472, Sufi
473, Sunday
474, Supernatural
475, Support
476, Supreme
477, Sustenance
478, Synagogue
479,Tabernacle
480, Talmud
481, Taoism
482, Teaching
483, Temple
484, Tenderness
485, Tests
486, Text
487, Theologian
488, Theology
489, Timelessness
490, Tithe
491, Torah
492, Tradition
493, Traditional
494, Tranquility
495, Transcendence
496, Transgression
497, Transitory
498, Trepidation
499, Trespass
500, Tribute
501, Trust
502,Unction
503, Understanding
504, Unique
505, Unity
506, Universal
507, Unknown
508, Uplift
509, Upturned
510,Vain
511, Validation
512, Valor
513, Value
514, Vanity
515, Venial sin
516, Verification
517, Vesper
518, Vestment
519, Vibrations
520, Vicar
521, Vicissitudes
522, Vigilant
523, Virgin Mary
524, Virtue
525, Vision
526, Visitation
527, Vizier
528, Voice
529, Voices
530, Volunteering
531, Vows
532,Watch
533, Wayward
534, Weight
535, Whole
536, Wisdom
537, Woe
538, Wonder
539, Word
540, Worldwide
541, Worry
542, Worship
543, Worthiness
544,Yang
545, Yearning
546, Yin
547, Yogi
548, Youth program
549,Zeal
550, Zealot
551, Zealous
552, Zenith
